type,cycle,numerator,denominator,quotient_int
IN,3,0.500000,1.000000,0
IN,4,0.750000,1.250000,0
IN,5,1.000000,1.500000,0
IN,6,-0.600000,1.200000,0
IN,7,1.400000,1.000000,0
IN,8,0.200000,0.800000,0
OUT,35,0,0,134225920
OUT,36,0,0,161062912
OUT,37,0,0,178954240
OUT,38,0,0,-134209536
OUT,39,0,0,375808000
OUT,40,0,0,67117056
