x_in,y_in,mag_out,angle_out,y_left
1.000000,0.000000,268442685,-4723,7776
0.866025,0.500000,268442589,140556387,-6353
0.707107,0.707107,268442767,210832881,-6866
0.500000,-0.500000,189817642,-210824547,-4852
1.250000,0.750000,391319095,145061389,15282
